Title,Price
a light in the attic,Â£51.77
tipping the velvet,Â£53.74
soumission,Â£50.10
sharp objects,Â£47.82
sapiens: a brief history of humankind,Â£54.23
the requiem red,Â£22.65
the dirty little secrets of getting your dream job,Â£33.34
"the coming woman: a novel based on the life of the infamous feminist, victoria woodhull",Â£17.93
the boys in the boat: nine americans and their epic quest for gold at the 1936 berlin olympics,Â£22.60
the black maria,Â£52.15
"starving hearts (triangular trade trilogy, #1)",Â£13.99
shakespeare's sonnets,Â£20.66
set me free,Â£17.46
scott pilgrim's precious little life (scott pilgrim #1),Â£52.29
rip it up and start again,Â£35.02
"our band could be your life: scenes from the american indie underground, 1981-1991",Â£57.25
olio,Â£23.88
mesaerion: the best science fiction stories 1800-1849,Â£37.59
libertarianism for beginners,Â£51.33
it's only the himalayas,Â£45.17
in her wake,Â£12.84
how music works,Â£37.32
"foolproof preserving: a guide to small batch jams, jellies, pickles, condiments, and more: a foolproof guide to making small batch jams, jellies, pickles, condiments, and more",Â£30.52
chase me (paris nights #2),Â£25.27
black dust,Â£34.53
birdsong: a story in pictures,Â£54.64
america's cradle of quarterbacks: western pennsylvania's football factory from johnny unitas to joe montana,Â£22.50
aladdin and his wonderful lamp,Â£53.13
worlds elsewhere: journeys around shakespeareâs globe,Â£40.30
wall and piece,Â£44.18
the four agreements: a practical guide to personal freedom,Â£17.66
the five love languages: how to express heartfelt commitment to your mate,Â£31.05
the elephant tree,Â£23.82
the bear and the piano,Â£36.89
sophie's world,Â£15.94
penny maybe,Â£33.29
maude (1883-1993):she grew up with the country,Â£18.02
"in a dark, dark wood",Â£19.63
behind closed doors,Â£52.22
you can't bury them all: poems,Â£33.63
slow states of collapse: poems,Â£57.31
reasons to stay alive,Â£26.41
private paris (private #10),Â£47.61
#higherselfie: wake up your life. free your soul. find your tribe.,Â£23.11
without borders (wanderlove #1),Â£45.07
when we collided,Â£31.77
"we love you, charlie freeman",Â£50.27
untitled collection: sabbath poems 2014,Â£14.27
"unseen city: the majesty of pigeons, the discreet charm of snails & other wonders of the urban wilderness",Â£44.18
unicorn tracks,Â£18.78
"unbound: how eight technologies made us human, transformed society, and brought our world to the brink",Â£25.52
tsubasa: world chronicle 2 (tsubasa world chronicle #2),Â£16.28
throwing rocks at the google bus: how growth became the enemy of prosperity,Â£31.12
this one summer,Â£19.49
thirst,Â£17.27
the torch is passed: a harding family story,Â£19.09
the secret of dreadwillow carse,Â£56.13
"the pioneer woman cooks: dinnertime: comfort classics, freezer food, 16-minute meals, and other delicious ways to solve supper!",Â£56.41
the past never ends,Â£56.50
the natural history of us (the fine art of pretending #2),Â£45.22
the nameless city (the nameless city #1),Â£38.16
the murder that never was (forensic instincts #5),Â£54.11
the most perfect thing: inside (and outside) a bird's egg,Â£42.96
"the mindfulness and acceptance workbook for anxiety: a guide to breaking free from anxiety, phobias, and worry using acceptance and commitment therapy",Â£23.89
the life-changing magic of tidying up: the japanese art of decluttering and organizing,Â£16.77
"the inefficiency assassin: time management tactics for working smarter, not longer",Â£20.59
the gutsy girl: escapades for your life of epic adventure,Â£37.13
the electric pencil: drawings from inside state hospital no. 3,Â£56.06
the death of humanity: and the case for life,Â£58.11
"the bulletproof diet: lose up to a pound a day, reclaim energy and focus, upgrade your life",Â£49.05
the art forger,Â£40.76
the age of genius: the seventeenth century and the birth of the modern mind,Â£19.73
the activist's tao te ching: ancient advice for a modern revolution,Â£32.24
spark joy: an illustrated master class on the art of organizing and tidying up,Â£41.83
soul reader,Â£39.58
security,Â£39.25
"saga, volume 6 (saga (collected editions) #6)",Â£25.02
"saga, volume 5 (saga (collected editions) #5)",Â£51.04
reskilling america: learning to labor in the twenty-first century,Â£19.83
"rat queens, vol. 3: demons (rat queens (collected editions) #11-15)",Â£50.40
"princess jellyfish 2-in-1 omnibus, vol. 01 (princess jellyfish 2-in-1 omnibus #1)",Â£13.61
princess between worlds (wide-awake princess #5),Â£13.34
"pop gun war, volume 1: gift",Â£18.97
"political suicide: missteps, peccadilloes, bad calls, backroom hijinx, sordid pasts, rotten breaks, and just plain dumb mistakes in the annals of american politics",Â£36.28
patience,Â£10.16
"outcast, vol. 1: a darkness surrounds him (outcast #1)",Â£15.44
orange: the complete collection 1 (orange: the complete collection #1),Â£48.41
online marketing for busy authors: a step-by-step guide,Â£46.35
on a midnight clear,Â£14.07
obsidian (lux #1),Â£14.86
my paris kitchen: recipes and stories,Â£33.37
masks and shadows,Â£56.40
"mama tried: traditional italian cooking for the screwed, crude, vegan, and tattooed",Â£14.02
"lumberjanes, vol. 2: friendship to the max (lumberjanes #5-8)",Â£46.91
"lumberjanes, vol. 1: beware the kitten holy (lumberjanes #1-4)",Â£45.61
lumberjanes vol. 3: a terrible plan (lumberjanes #9-12),Â£19.92
"layered: baking, building, and styling spectacular cakes",Â£40.11
judo: seven steps to black belt (an introductory guide for beginners),Â£53.90
join,Â£35.67
in the country we love: my family divided,Â£22.00
immunity: how elie metchnikoff changed the course of modern medicine,Â£57.36
"i hate fairyland, vol. 1: madly ever after (i hate fairyland (compilations) #1-5)",Â£29.17
i am a hero omnibus volume 1,Â£54.63
how to be miserable: 40 strategies you already use,Â£46.03
her backup boyfriend (the sorensen family #1),Â£33.97
"giant days, vol. 2 (giant days #5-8)",Â£22.11
forever and forever: the courtship of henry longfellow and fanny appleton,Â£29.69
first and first (five boroughs #3),Â£15.97
fifty shades darker (fifty shades #2),Â£21.96
everydata: the misinformation hidden in the little data you consume every day,Â£54.35
"don't be a jerk: and other practical advice from dogen, japan's greatest zen master",Â£37.97
danganronpa volume 1,Â£51.99
crown of midnight (throne of glass #2),Â£43.29
"codename baboushka, volume 1: the conclave of death",Â£36.72
camp midnight,Â£17.08
call the nurse: true stories of a country nurse on a scottish isle,Â£29.14
burning,Â£28.81
bossypants,Â£49.46
"bitch planet, vol. 1: extraordinary machine (bitch planet (collected editions))",Â£37.92
"avatar: the last airbender: smoke and shadow, part 3 (smoke and shadow #3)",Â£28.09
algorithms to live by: the computer science of human decisions,Â£30.81
a world of flavor: your gluten free passport,Â£42.95
"a piece of sky, a grain of rice: a memoir in four meditations",Â£56.76
a murder in time,Â£16.64
a flight of arrows (the pathfinders #2),Â£55.53
a fierce and subtle poison,Â£28.13
a court of thorns and roses (a court of thorns and roses #1),Â£52.37
(un)qualified: how god uses broken people to do big things,Â£54.00
you are what you love: the spiritual power of habit,Â£21.87
"william shakespeare's star wars: verily, a new hope (william shakespeare's star wars #4)",Â£43.30
tuesday nights in 1980,Â£21.04
tracing numbers on a train,Â£41.60
throne of glass (throne of glass #1),Â£35.07
thomas jefferson and the tripoli pirates: the forgotten war that changed american history,Â£59.64
thirteen reasons why,Â£52.72
the white cat and the monk: a retelling of the poem âpangur bã¡nâ,Â£58.08
the wedding dress,Â£24.12
the vacationers,Â£42.15
the third wave: an entrepreneurâs vision of the future,Â£12.61
the stranger,Â£17.44
the shadow hero (the shadow hero),Â£33.14
the secret (the secret #1),Â£27.37
the regional office is under attack!,Â£51.36
the psychopath test: a journey through the madness industry,Â£36.00
the project,Â£10.65
the power of now: a guide to spiritual enlightenment,Â£43.54
the omnivore's dilemma: a natural history of four meals,Â£38.21
the nerdy nummies cookbook: sweet treats for the geek in all of us,Â£37.34
the murder of roger ackroyd (hercule poirot #4),Â£44.10
the mistake (off-campus #2),Â£43.29
the matchmaker's playbook (wingmen inc. #1),Â£55.85
the love and lemons cookbook: an apple-to-zucchini celebration of impromptu cooking,Â£37.60
the long shadow of small ghosts: murder and memory in an american city,Â£10.97
the kite runner,Â£41.82
the house by the lake,Â£36.95
the glittering court (the glittering court #1),Â£44.28
the girl on the train,Â£55.02
the genius of birds,Â£17.24
the emerald mystery,Â£23.15
the cookies & cups cookbook: 125+ sweet & savory recipes reminding you to always eat dessert first,Â£41.25
the bridge to consciousness: i'm writing the bridge between science and our old and new beliefs.,Â£32.00
the artist's way: a spiritual path to higher creativity,Â£38.49
the art of war,Â£33.34
the argonauts,Â£10.93
the 10% entrepreneur: live your startup dream without quitting your day job,Â£27.55
suddenly in love (lake haven #1),Â£55.99
something more than this,Â£16.24
soft apocalypse,Â£26.12
so you've been publicly shamed,Â£12.23
shoe dog: a memoir by the creator of nike,Â£23.99
"shobu samurai, project aryoku (#3)",Â£29.06
secrets and lace (fatal hearts #1),Â£20.27
scarlett epstein hates it here,Â£43.55
romero and juliet: a tragic tale of love and zombies,Â£36.94
redeeming love,Â£20.47
poses for artists volume 1 - dynamic and sitting poses: an essential reference for figure drawing and the human form,Â£41.06
poems that make grown women cry,Â£14.19
"nightingale, sing",Â£38.28
night sky with exit wounds,Â£41.05
mrs. houdini,Â£30.25
modern romance,Â£28.26
miss peregrineâs home for peculiar children (miss peregrineâs peculiar children #1),Â£10.76
louisa: the extraordinary life of mrs. adams,Â£16.85
little red,Â£13.47
library of souls (miss peregrineâs peculiar children #3),Â£48.56
large print heart of the pride,Â£19.15
i had a nice time and other lies...: how to find love & sh*t like that,Â£57.36
hollow city (miss peregrineâs peculiar children #2),Â£42.98
grumbles,Â£22.16
full moon over noahâs ark: an odyssey to mount ararat and beyond,Â£49.43
frostbite (vampire academy #2),Â£29.99
follow you home,Â£21.36
first steps for new christians (print edition),Â£29.00
finders keepers (bill hodges trilogy #2),Â£53.53
"fables, vol. 1: legends in exile (fables #1)",Â£41.62
eureka trivia 6.0,Â£54.59
drive: the surprising truth about what motivates us,Â£34.95
done rubbed out (reightman & bailey #1),Â£37.72
doing it over (most likely to #1),Â£35.61
"deliciously ella every day: quick and easy recipes for gluten-free snacks, packed lunches, and simple meals",Â£42.16
